{"r_squared": 0.9754076686565001, "rmse": 1629.73226654431}