{"r_squared": 0.7904611374279763, "rmse": 4757.17036027814}