{"r_squared": -0.23306610848503606, "rmse": 11540.10057468139}