{"r_squared": 0.790302593737501, "rmse": 4758.96973229752}